Lead ID,First Name,Last Name,Phone,Email,Property Address,City,State,Zip,Lead Source,GCLID,UTM Source,UTM Medium,UTM Campaign,UTM Term,Landing Page,Motivation,Tags,Lead Status,Qualified,Appointment Date,Offer Date,Offer Amount,Contract Date,Closed Date,Lost Reason,Revenue,Profit,Created Date,Last Updated
DEMO-1001,Demo,Seller 1001,(925) 555-0100,demo.seller1001@example.com,302 Demo Street,Concord,CA,94520,Google Ads,DEMO0000009,,,,,https://www.twinhomebuyer.com/sell-inherited-house,"Heirs want to sell, house passed away mom",,Dead,No,,,,,,Out of area,,,7/2/2026 13:36,7/2/2026
DEMO-1002,Demo,Seller 1002,(408) 555-0101,demo.seller1002@example.com,303 Demo Street,San Jose,CA,95123,Google Ads,DEMO0000013,,,,,https://www.twinhomebuyer.com/,"Code violation from city, unpermitted garage",,Not Interested,No,,,,,,,,,7/3/2026 20:56,7/3/2026
DEMO-1003,Demo,Seller 1003,(415) 555-0102,demo.seller1003@example.com,304 Demo Street,,CA,94112,Google Ads,DEMO0000015,,,,,https://www.twinhomebuyer.com/,"Heirs want to sell, house passed away mom",,Closed,Yes,7/4/2026,7/8/2026,"$675,000",7/12/2026,8/9/2026,,"$61,000","$44,000",7/2/2026 14:21,8/9/2026
DEMO-1004,Demo,Seller 1004,(408) 555-0103,demo.seller1004@example.com,305 Demo Street,San Jose,CA,95123,Google Ads,DEMO0000039,,,,,https://www.twinhomebuyer.com/sell-inherited-house,"Inherited from father, probate almost done",,Closed,Yes,7/8/2026,7/12/2026,"$1,015,000",7/16/2026,8/13/2026,,"$52,000","$38,500",7/6/2026 15:28,8/13/2026
DEMO-1005,Demo,Seller 1005,(408) 555-0104,demo.seller1005@example.com,306 Demo Street,San Jose,CA,95123,Google Ads,DEMO0000058,,,,,https://www.twinhomebuyer.com/stop-foreclosure,"Behind on payments, notice of default received",,Closed,Yes,7/11/2026,7/15/2026,"$954,000",7/19/2026,8/16/2026,,"$48,000",,7/9/2026 09:15,8/16/2026
DEMO-1006,Demo,Seller 1006,(408) 555-0105,demo.seller1006@example.com,307 Demo Street,San Jose,CA,95123,Google Ads,DEMO0000078,,,,,https://www.twinhomebuyer.com/,Just curious about an offer,,Appointment Set,Yes,7/16/2026,,,,,,,,7/14/2026 15:58,7/16/2026
DEMO-1007,Demo,Seller 1007,(415) 555-0106,demo.seller1007@example.com,308 Demo Street,San Francisco,CA,94112,Google Ads,DEMO0000098,,,,,https://www.twinhomebuyer.com/,Just curious about an offer,,Qualified,Yes,,,,,,,,,7/17/2026 14:27,7/17/2026
DEMO-1008,Demo,Seller 1008,(510) 555-0107,demo.seller1008@example.com,309 Demo Street,Oakland,CA,94605,Google Ads,DEMO0000103,,,,,https://www.twinhomebuyer.com/sell-house-as-is,"Needs a new roof and foundation work, wants to sell as is",,Dead,No,,,,,,Not ready to sell,,,7/17/2026 14:42,7/17/2026
DEMO-1009,Demo,Seller 1009,(415) 555-0108,demo.seller1009@example.com,310 Demo Street,San Francisco,CA,94112,Google Ads,DEMO0000109,,,,,https://www.twinhomebuyer.com/,Just curious about an offer,,Not Interested,No,,,,,,Not ready to sell,,,7/18/2026 11:40,7/18/2026
DEMO-1010,Demo,Seller 1010,(415) 555-0109,demo.seller1010@example.com,311 Demo Street,San Francisco,CA,94112,Google Ads,DEMO0000119,,,,,https://www.twinhomebuyer.com/,"Wants to sell fast, relocating for work",,Dead,No,,,,,,,,,7/19/2026 21:30,7/19/2026
DEMO-1011,Demo,Seller 1011,(650) 555-0110,demo.seller1011@example.com,312 Demo Street,San Mateo,CA,94403,Google Ads,DEMO0000129,,,,,https://www.twinhomebuyer.com/sell-house-as-is,"Needs a new roof and foundation work, wants to sell as is",,Appointment Set,Yes,7/25/2026,,,,,,,,7/21/2026 13:14,7/25/2026
DEMO-1012,Demo,Seller 1012,(415) 555-0111,demo.seller1012@example.com,313 Demo Street,San Francisco,CA,94112,Google Ads,DEMO0000131,,,,,https://www.twinhomebuyer.com/,"Executor of estate, siblings want cash",,Qualified,Yes,,,,,,,,,7/21/2026 10:19,7/21/2026
DEMO-1013,Demo,Seller 1013,(925) 555-0112,demo.seller1013@example.com,314 Demo Street,Antioch,CA,94509,Google Ads,DEMO0000143,,,,,https://www.twinhomebuyer.com/sell-house-divorce,"Going through divorce, need to split proceeds",,Dead,Yes,7/23/2026,,,,,Went with another buyer,,,7/22/2026 21:37,7/23/2026
DEMO-1014,Demo,Seller 1014,(510) 555-0113,demo.seller1014@example.com,315 Demo Street,Oakland,CA,94605,Google Ads,DEMO0000149,,,,,https://www.twinhomebuyer.com/sell-house-as-is,"Needs a new roof and foundation work, wants to sell as is",,Appointment Set,Yes,7/25/2026,,,,,,,,7/23/2026 08:13,7/25/2026
DEMO-1015,Demo,Seller 1015,(925) 555-0114,demo.seller1015@example.com,316 Demo Street,,CA,94520,Phone Call,,,,,,,"Needs a new roof and foundation work, wants to sell as is",,Nurture - 6 months,No,,,,,,,,,7/24/2026 14:31,7/24/2026
DEMO-1016,Demo,Seller 1016,(650) 555-0115,demo.seller1016@example.com,317 Demo Street,San Mateo,CA,94403,Phone Call,,,,,,,"Executor of estate, siblings want cash",,Closed,Yes,7/28/2026,7/30/2026,"$987,000",8/6/2026,8/27/2026,,"$41,000","$29,100",7/26/2026 08:49,8/27/2026
DEMO-1017,Demo,Seller 1017,(707) 555-0116,demo.seller1017@example.com,318 Demo Street,,CA,94591,Google Ads,DEMO0000168,,,,,https://www.twinhomebuyer.com/,"Moving to Texas, need quick sale",,Nurture - 6 months,No,,,,,,,,,7/27/2026 13:31,7/27/2026
DEMO-1018,Demo,Seller 1018,(415) 555-0117,demo.seller1018@example.com,319 Demo Street,San Francisco,CA,94112,Google Ads,DEMO0000170,,,,,https://www.twinhomebuyer.com/sell-inherited-house,,,Unqualified,No,,,,,,,,,7/27/2026 07:42,7/27/2026
DEMO-1019,Demo,Seller 1019,(707) 555-0118,demo.seller1019@example.com,320 Demo Street,,CA,95407,Google Ads,,,,,,,"Behind on payments, notice of default received",,Offer Made,Yes,7/30/2026,8/2/2026,"$1,007,000",,,,,,7/27/2026 11:15,8/2/2026
DEMO-1020,Demo,Seller 1020,(209) 555-0119,demo.seller1020@example.com,321 Demo Street,Stockton,CA,95206,Google Ads,DEMO0000185,,,,,https://www.twinhomebuyer.com/,"Moving to Texas, need quick sale",,Dead,No,,,,,,Out of area,,,7/29/2026 17:46,7/29/2026
DEMO-1021,Demo,Seller 1021,(408) 555-0120,demo.seller1021@example.com,322 Demo Street,San Jose,CA,95123,Google Ads,,,,,,,"Vacant house, moved out last year",,Not Interested,No,,,,,,,,,7/30/2026 19:26,7/30/2026
DEMO-1022,Demo,Seller 1022,(408) 555-0121,demo.seller1022@example.com,323 Demo Street,San Jose,CA,95123,Google Ads,DEMO0000211,,,,,https://www.twinhomebuyer.com/sell-inherited-house,"Inherited from father, probate almost done",,Appointment Set,Yes,8/5/2026,,,,,,,,8/3/2026 10:11,8/5/2026
DEMO-1023,Demo,Seller 1023,(209) 555-0122,demo.seller1023@example.com,324 Demo Street,Stockton,CA,95206,Google Ads,DEMO0000213,,,,,https://www.twinhomebuyer.com/,,,Dead,No,,,,,,Out of area,,,8/3/2026 15:38,8/3/2026
DEMO-1024,Demo,Seller 1024,(510) 555-0123,demo.seller1024@example.com,325 Demo Street,Oakland,CA,94605,Google Ads,,google,cpc,Search - Bay Area - Sell Fast,sell my house fast,https://www.twinhomebuyer.com/,"Code violation from city, unpermitted garage",,Not Interested,No,,,,,,,,,8/6/2026 20:18,8/6/2026
DEMO-1025,Demo,Seller 1025,(415) 555-0124,demo.seller1025@example.com,326 Demo Street,San Francisco,CA,94112,Google Ads,DEMO0000227,,,,,https://www.twinhomebuyer.com/,"Moving to Texas, need quick sale",,Not Interested,No,,,,,,Not ready to sell,,,8/5/2026 07:00,8/5/2026
DEMO-1026,Demo,Seller 1026,(415) 555-0125,demo.seller1026@example.com,327 Demo Street,San Francisco,CA,94112,Google Ads,DEMO0000232,,,,,https://www.twinhomebuyer.com/,,,Not Interested,No,,,,,,Just wanted a price check,,,8/7/2026 16:57,8/7/2026
DEMO-1027,Demo,Seller 1027,(707) 555-0126,demo.seller1027@example.com,328 Demo Street,Santa Rosa,CA,95407,Google Ads,DEMO0000233,,,,,https://www.twinhomebuyer.com/,"Moving to Texas, need quick sale",,Not Interested,No,,,,,,,,,8/8/2026 19:24,8/8/2026
DEMO-1028,Demo,Seller 1028,(510) 555-0127,demo.seller1028@example.com,329 Demo Street,Oakland,CA,94605,Google Ads,DEMO0000245,,,,,https://www.twinhomebuyer.com/sell-inherited-house,"Executor of estate, siblings want cash",,Qualified,Yes,,,,,,,,,8/10/2026 08:58,8/10/2026
DEMO-1029,Demo,Seller 1029,(408) 555-0128,demo.seller1029@example.com,330 Demo Street,San Jose,CA,95123,Phone Call,,,,,,,"Code violation from city, unpermitted garage",,Unqualified,No,,,,,,,,,8/10/2026 21:20,8/10/2026
DEMO-1030,Demo,Seller 1030,(510) 555-0129,demo.seller1030@example.com,331 Demo Street,Oakland,CA,94605,Phone Call,,,,,,,"Moving to Texas, need quick sale",,Pending Review,Yes,8/16/2026,,,,,Listed with an agent,,,8/13/2026 17:34,8/16/2026
DEMO-1031,Demo,Seller 1031,(415) 555-0130,demo.seller1031@example.com,332 Demo Street,San Francisco,CA,94112,,,,,,,,"Fire damage in kitchen, needs repairs",,Qualified,Yes,,,,,,,,,8/14/2026 16:09,8/14/2026
DEMO-1032,Demo,Seller 1032,(408) 555-0131,demo.seller1032@example.com,333 Demo Street,San Jose,CA,95123,Google Ads,DEMO0000272,,,,,https://www.twinhomebuyer.com/sell-inherited-house,"Executor of estate, siblings want cash",,Qualified,Yes,,,,,,,,,8/13/2026 16:45,8/13/2026
DEMO-1033,Demo,Seller 1033,(209) 555-0132,demo.seller1033@example.com,334 Demo Street,Stockton,CA,95206,Phone Call,,,,,,,"Code violation from city, unpermitted garage",,Pending Review,No,,,,,,Out of area,,,8/14/2026 16:11,8/14/2026
DEMO-1034,Demo,Seller 1034,(408) 555-0133,demo.seller1034@example.com,335 Demo Street,San Jose,CA,95123,Google Ads,DEMO0000291,,,,,https://www.twinhomebuyer.com/,"Moving to Texas, need quick sale",,Qualified,Yes,,,,,,,,,8/18/2026 09:05,8/18/2026
DEMO-1035,Demo,Seller 1035,(707) 555-0134,demo.seller1035@example.com,336 Demo Street,Santa Rosa,CA,95407,Phone Call,,,,,,,Just curious about an offer,,Unqualified,No,,,,,,,,,8/22/2026 11:52,8/22/2026
DEMO-1036,Demo,Seller 1036,(415) 555-0135,demo.seller1036@example.com,337 Demo Street,,CA,94112,Google Ads,DEMO0000333,,,,,https://www.twinhomebuyer.com/,"Needs repairs, older owner downsizing",,Dead,No,,,,,,Out of area,,,8/23/2026 08:20,8/23/2026
DEMO-1037,Demo,Seller 1037,(415) 555-0136,demo.seller1037@example.com,338 Demo Street,San Francisco,CA,94112,Google Ads,DEMO0000344,,,,,https://www.twinhomebuyer.com/,"Code violation from city, unpermitted garage",,Not Interested,No,,,,,,Not ready to sell,,,8/25/2026 17:06,8/25/2026
DEMO-1038,Demo,Seller 1038,(415) 555-0137,demo.seller1038@example.com,339 Demo Street,San Francisco,CA,94112,Google Ads,DEMO0000350,,,,,https://www.twinhomebuyer.com/,"Wants to sell fast, relocating for work",,Dead,No,,,,,,Listed with an agent,,,8/26/2026 21:57,8/26/2026
DEMO-1039,Demo,Seller 1039,(408) 555-0138,demo.seller1039@example.com,340 Demo Street,San Jose,CA,95123,Google Ads,DEMO0000354,,,,,https://www.twinhomebuyer.com/sell-inherited-house,"Executor of estate, siblings want cash",,Not Interested,No,,,,,,Not ready to sell,,,8/26/2026 20:43,8/26/2026
DEMO-1040,Demo,Seller 1040,(510) 555-0139,demo.seller1040@example.com,341 Demo Street,Oakland,CA,94605,Google Ads,DEMO0000372,,,,,https://www.twinhomebuyer.com/sell-house-as-is,"Fire damage in kitchen, needs repairs",,Qualified,Yes,,,,,,,,,8/28/2026 14:32,8/28/2026
DEMO-1041,Demo,Seller 1041,(510) 555-0140,demo.seller1041@example.com,342 Demo Street,Oakland,CA,94605,Google Ads,DEMO0000379,,,,,https://www.twinhomebuyer.com/sell-house-as-is,"Needs a new roof and foundation work, wants to sell as is",,Dead,Yes,9/1/2026,,,,,Wants retail price,,,8/29/2026 12:02,9/1/2026
DEMO-1042,Demo,Seller 1042,(650) 555-0141,demo.seller1042@example.com,343 Demo Street,San Mateo,CA,94403,Google Ads,DEMO0000383,,,,,https://www.twinhomebuyer.com/,"Code violation from city, unpermitted garage",,Dead,No,,,,,,Out of area,,,8/29/2026 18:41,8/29/2026
DEMO-1043,Demo,Seller 1043,(510) 555-0142,demo.seller1043@example.com,344 Demo Street,Hayward,CA,94544,Google Ads,DEMO0000395,,,,,https://www.twinhomebuyer.com/,"Code violation from city, unpermitted garage",,Not Interested,No,,,,,,,,,8/31/2026 16:11,8/31/2026
DEMO-1044,Demo,Seller 1044,(510) 555-0143,demo.seller1044@example.com,345 Demo Street,Hayward,CA,94544,Google Ads,DEMO0000422,,,,,https://www.twinhomebuyer.com/,"Needs repairs, older owner downsizing",,Appointment Set,Yes,9/6/2026,,,,,,,,9/4/2026 16:37,9/6/2026
DEMO-1045,Demo,Seller 1045,(707) 555-0144,demo.seller1045@example.com,346 Demo Street,,CA,94591,Google Ads,DEMO0000428,,,,,https://www.twinhomebuyer.com/sell-house-as-is,"Fire damage in kitchen, needs repairs",,Dead,No,,,,,,Out of area,,,9/5/2026 20:49,9/5/2026
DEMO-1046,Demo,Seller 1046,(415) 555-0145,demo.seller1046@example.com,347 Demo Street,San Francisco,CA,94112,Google Ads,DEMO0000429,,,,,https://www.twinhomebuyer.com/,"Vacant house, moved out last year",,Not Interested,No,,,,,,Not ready to sell,,,9/6/2026 13:53,9/6/2026
DEMO-1047,Demo,Seller 1047,(925) 555-0146,demo.seller1047@example.com,348 Demo Street,Concord,CA,94520,Phone Call,,,,,,,"Executor of estate, siblings want cash",,Appointment Set,Yes,9/8/2026,,,,,,,,9/7/2026 11:01,9/8/2026
DEMO-1048,Demo,Seller 1048,(408) 555-0147,demo.seller1048@example.com,349 Demo Street,San Jose,CA,95123,Google Ads,DEMO0000443,,,,,https://www.twinhomebuyer.com/,,,Not Interested,No,,,,,,Wants retail price,,,9/8/2026 09:25,9/8/2026
DEMO-1049,Demo,Seller 1049,(415) 555-0148,demo.seller1049@example.com,350 Demo Street,San Francisco,CA,94112,Google Ads,DEMO0000445,,,,,https://www.twinhomebuyer.com/,"Vacant house, moved out last year",,Not Interested,No,,,,,,Listed with an agent,,,9/8/2026 10:47,9/8/2026
DEMO-1050,Demo,Seller 1050,(510) 555-0149,demo.seller1050@example.com,351 Demo Street,Oakland,CA,94605,Google Ads,DEMO0000463,,,,,https://www.twinhomebuyer.com/,"Needs repairs, older owner downsizing",,Dead,No,,,,,,,,,9/11/2026 19:54,9/11/2026
DEMO-1051,Demo,Seller 1051,(209) 555-0150,demo.seller1051@example.com,352 Demo Street,,CA,95206,Google Ads,DEMO0000466,,,,,https://www.twinhomebuyer.com/,"Needs repairs, older owner downsizing",,Dead,No,,,,,,Out of area,,,9/12/2026 18:12,9/12/2026
DEMO-1052,Demo,Seller 1052,(510) 555-0151,demo.seller1052@example.com,353 Demo Street,Oakland,CA,94605,Google Ads,DEMO0000467,,,,,https://www.twinhomebuyer.com/sell-house-as-is,"Fire damage in kitchen, needs repairs",,Under Contract,Yes,9/12/2026,9/21/2026,"$845,000",9/24/2026,,,,,9/11/2026 17:01,9/24/2026
DEMO-1053,Demo,Seller 1053,(510) 555-0152,demo.seller1053@example.com,354 Demo Street,Oakland,CA,94605,Google Ads,,google,cpc,Search - Bay Area - Sell Fast,sell fixer upper house,https://www.twinhomebuyer.com/sell-house-as-is,"Needs a new roof and foundation work, wants to sell as is",,Dead,Yes,9/16/2026,9/18/2026,"$656,000",,,Family decided to keep it,,,9/13/2026 15:14,9/18/2026
DEMO-1054,Demo,Seller 1054,(408) 555-0153,demo.seller1054@example.com,355 Demo Street,San Jose,CA,95123,Google Ads,DEMO0000479,,,,,https://www.twinhomebuyer.com/stop-foreclosure,Foreclosure auction date set,,Not Interested,No,,,,,,Just wanted a price check,,,9/13/2026 21:53,9/13/2026
DEMO-1055,Demo,Seller 1055,(408) 555-0154,demo.seller1055@example.com,356 Demo Street,San Jose,CA,95123,Google Ads,DEMO0000481,,,,,https://www.twinhomebuyer.com/,"Moving to Texas, need quick sale",,Appointment Set,Yes,9/15/2026,,,,,,,,9/14/2026 09:10,9/15/2026
DEMO-1056,Demo,Seller 1056,(415) 555-0155,demo.seller1056@example.com,357 Demo Street,San Francisco,CA,94112,Google Ads,DEMO0000482,,,,,https://www.twinhomebuyer.com/,"Inherited from father, probate almost done",,Dead,No,,,,,,Not ready to sell,,,9/14/2026 08:25,9/14/2026
DEMO-1057,Demo,Seller 1057,(408) 555-0156,demo.seller1057@example.com,358 Demo Street,San Jose,CA,95123,Google Ads,DEMO0000485,,,,,https://www.twinhomebuyer.com/,,,Dead,Yes,9/19/2026,9/20/2026,"$688,000",,,Chose to list,,,9/16/2026 21:40,9/20/2026
DEMO-1058,Demo,Seller 1058,(925) 555-0157,demo.seller1058@example.com,359 Demo Street,Concord,CA,94520,Google Ads,,google,cpc,Search - Bay Area - Seller Situations,sell inherited house,https://www.twinhomebuyer.com/sell-inherited-house,"Vacant house, moved out last year",,Qualified,Yes,,,,,,,,,9/15/2026 09:56,9/15/2026
DEMO-1059,Demo,Seller 1059,(510) 555-0158,demo.seller1059@example.com,360 Demo Street,Hayward,CA,94544,Google Ads,DEMO0000507,,,,,https://www.twinhomebuyer.com/sell-inherited-house,"Heirs want to sell, house passed away mom",,Qualified,Yes,,,,,,,,,9/17/2026 20:10,9/17/2026
DEMO-1060,Demo,Seller 1060,(510) 555-0159,demo.seller1060@example.com,361 Demo Street,Hayward,CA,94544,Google Ads,DEMO0000515,,,,,https://www.twinhomebuyer.com/sell-inherited-house,"Vacant house, moved out last year",,Dead,No,,,,,,,,,9/19/2026 18:59,9/19/2026
DEMO-1061,Demo,Seller 1061,(650) 555-0160,demo.seller1061@example.com,362 Demo Street,San Mateo,CA,94403,Phone Call,,,,,,,"Vacant house, moved out last year",,Nurture - 6 months,No,,,,,,,,,9/22/2026 13:07,9/22/2026
DEMO-1062,Demo,Seller 1062,(707) 555-0161,demo.seller1062@example.com,363 Demo Street,Vallejo,CA,94591,Google Ads,DEMO0000530,,,,,https://www.twinhomebuyer.com/,"Vacant house, moved out last year",,Qualified,Yes,,,,,,,,,9/23/2026 10:54,9/23/2026
DEMO-1063,Demo,Seller 1063,(925) 555-0162,demo.seller1063@example.com,364 Demo Street,Antioch,CA,94509,Google Ads,DEMO0000534,,,,,https://www.twinhomebuyer.com/sell-house-as-is,"Needs a new roof and foundation work, wants to sell as is",,Qualified,Yes,,,,,,,,,9/23/2026 16:00,9/23/2026
DEMO-1064,Demo,Seller 1064,(650) 555-0163,demo.seller1064@example.com,365 Demo Street,San Mateo,CA,94403,Google Ads,DEMO0000535,,,,,https://www.twinhomebuyer.com/sell-house-as-is,,,Not Interested,No,,,,,,,,,9/22/2026 20:40,9/22/2026
DEMO-1065,Demo,Seller 1065,(510) 555-0164,demo.seller1065@example.com,366 Demo Street,Oakland,CA,94605,Google Ads,,,,,,,"Code violation from city, unpermitted garage",,Qualified,Yes,,,,,,,,,9/25/2026 07:16,9/25/2026
DEMO-1066,Demo,Seller 1066,(408) 555-0165,demo.seller1066@example.com,367 Demo Street,San Jose,CA,95123,Google Ads,,google,cpc,Search - Bay Area - Sell Fast,sell my house fast,https://www.twinhomebuyer.com/,"Code violation from city, unpermitted garage",,Qualified,Yes,,,,,,,,,9/24/2026 12:56,9/24/2026
DEMO-1067,Demo,Seller 1067,(925) 555-0166,demo.seller1067@example.com,368 Demo Street,Concord,CA,94520,Google Ads,DEMO0000555,,,,,https://www.twinhomebuyer.com/sell-house-as-is,"Needs a new roof and foundation work, wants to sell as is",,Unqualified,No,,,,,,,,,9/24/2026 15:24,9/24/2026
DEMO-1068,Demo,Seller 1068,(650) 555-0167,demo.seller1068@example.com,369 Demo Street,San Mateo,CA,94403,Google Ads,DEMO0000570,,,,,https://www.twinhomebuyer.com/,"Needs repairs, older owner downsizing",,New Lead,No,,,,,,,,,9/26/2026 07:38,9/26/2026
DEMO-1069,Demo,Seller 1069,(707) 555-0168,demo.seller1069@example.com,370 Demo Street,Santa Rosa,CA,95407,Phone Call,,,,,,,,,New Lead,No,,,,,,,,,9/26/2026 12:16,9/26/2026
DEMO-1070,Demo,Seller 1070,(415) 555-0169,demo.seller1070@example.com,371 Demo Street,San Francisco,CA,94112,Phone Call,,,,,,,"Tenant not paying, tired landlord",,New Lead,No,,,,,,,,,9/26/2026 19:11,9/26/2026
DEMO-1071,Demo,Seller 1071,(510) 555-0170,,372 Demo Street,Fremont,CA,94538,SMS - Level 10,,,,,,,Just curious about an offer,,Unqualified,No,,,,,,,,,7/21/2026 09:00,7/21/2026
DEMO-1072,Demo,Seller 1072,(415) 555-0171,,373 Demo Street,San Francisco,CA,94112,,,,,,,,Just curious about an offer,,Not Interested,No,,,,,,,,,8/21/2026 19:00,8/21/2026
DEMO-1073,Demo,Seller 1073,(408) 555-0172,,374 Demo Street,San Jose,CA,95123,Referral,,,,,,,"Needs repairs, older owner downsizing",,Qualified,Yes,,,,,,,,,7/9/2026 16:00,7/9/2026
DEMO-1074,Demo,Seller 1074,(408) 555-0173,,375 Demo Street,San Jose,CA,95123,SMS - Level 10,,,,,,,"Wants to sell fast, relocating for work",,Pending Review,Yes,8/29/2026,9/1/2026,"$1,333,000",,,Family decided to keep it,,,8/26/2026 10:00,8/26/2026
DEMO-1075,Demo,Seller 1075,(925) 555-0174,,376 Demo Street,Antioch,CA,94509,Direct Mail,,,,,,,"Code violation from city, unpermitted garage",,Dead,Yes,9/26/2026,,,,,Went with another buyer,,,9/22/2026 16:00,9/22/2026
DEMO-1076,Demo,Seller 1076,(510) 555-0175,,377 Demo Street,Oakland,CA,94605,Direct Mail,,,,,,,"Wants to sell fast, relocating for work",,Unqualified,No,,,,,,,,,7/22/2026 14:00,7/22/2026
DEMO-1077,Demo,Seller 1077,(408) 555-0176,,378 Demo Street,San Jose,CA,95123,Direct Mail,,,,,,,"Needs repairs, older owner downsizing",,Not Interested,No,,,,,,,,,8/23/2026 11:00,8/23/2026
DEMO-1078,Demo,Seller 1078,(408) 555-0177,,379 Demo Street,San Jose,CA,95123,Cold Call,,,,,,,"Needs repairs, older owner downsizing",,Qualified,Yes,,,,,,,,,7/22/2026 19:00,7/22/2026
DEMO-1079,Demo,Seller 1079,(415) 555-0178,,380 Demo Street,San Francisco,CA,94112,SMS - Level 10,,,,,,,Just curious about an offer,,Unqualified,No,,,,,,,,,9/7/2026 09:00,9/7/2026
DEMO-1080,Demo,Seller 1080,(415) 555-0179,,381 Demo Street,San Francisco,CA,94112,SMS - Level 10,,,,,,,"Code violation from city, unpermitted garage",,Qualified,Yes,,,,,,,,,7/20/2026 11:00,7/20/2026
DEMO-1081,Demo,Seller 1081,(925) 555-0180,,382 Demo Street,Antioch,CA,94509,SMS - Level 10,,,,,,,"Moving to Texas, need quick sale",,Qualified,Yes,,,,,,,,,7/19/2026 17:00,7/19/2026
DEMO-1082,Demo,Seller 1082,(510) 555-0181,,383 Demo Street,Richmond,CA,94804,Direct Mail,,,,,,,"Moving to Texas, need quick sale",,Dead,No,,,,,,,,,7/26/2026 09:00,7/26/2026
DEMO-1083,Demo,Seller 1083,(415) 555-0182,,384 Demo Street,San Francisco,CA,94112,SMS - Level 10,,,,,,,"Moving to Texas, need quick sale",,Dead,No,,,,,,,,,7/30/2026 10:00,7/30/2026
DEMO-1084,Demo,Seller 1084,(510) 555-0183,,385 Demo Street,Hayward,CA,94544,SMS - Level 10,,,,,,,Just curious about an offer,,Appointment Set,Yes,7/25/2026,,,,,,,,7/21/2026 14:00,7/21/2026
DEMO-1085,Demo,Seller 1085,(408) 555-0184,,386 Demo Street,San Jose,CA,95123,SMS - Level 10,,,,,,,"Vacant house, moved out last year",,Dead,No,,,,,,,,,8/4/2026 18:00,8/4/2026
DEMO-1086,Demo,Seller 1086,(408) 555-0185,,387 Demo Street,San Jose,CA,95123,Direct Mail,,,,,,,"Needs repairs, older owner downsizing",,Qualified,Yes,,,,,,,,,6/30/2026 08:00,6/30/2026
DEMO-1087,Demo,Seller 1087,(415) 555-0186,,388 Demo Street,San Francisco,CA,94112,SMS - Level 10,,,,,,,Just curious about an offer,,Unqualified,No,,,,,,,,,9/2/2026 12:00,9/2/2026
DEMO-1088,Demo,Seller 1088,(510) 555-0187,,389 Demo Street,Hayward,CA,94544,Referral,,,,,,,,,Dead,Yes,9/8/2026,9/11/2026,"$1,184,000",,,Chose to list,,,9/4/2026 13:00,9/4/2026
DEMO-1089,Demo,Seller 1089,(408) 555-0188,,390 Demo Street,San Jose,CA,95123,Cold Call,,,,,,,"Needs repairs, older owner downsizing",,Not Interested,No,,,,,,,,,9/5/2026 18:00,9/5/2026
DEMO-1090,Demo,Seller 1090,(925) 555-0189,,391 Demo Street,Antioch,CA,94509,Cold Call,,,,,,,"Wants to sell fast, relocating for work",,Under Contract,Yes,9/8/2026,9/9/2026,"$834,000",9/17/2026,,,,,9/6/2026 08:00,9/6/2026
DEMO-1091,Demo,Seller 1091,(510) 555-0190,,392 Demo Street,Oakland,CA,94605,SMS - Level 10,,,,,,,"Moving to Texas, need quick sale",,Not Interested,No,,,,,,,,,9/11/2026 13:00,9/11/2026
DEMO-1092,Demo,Seller 1092,(408) 555-0191,,393 Demo Street,San Jose,CA,95123,Direct Mail,,,,,,,"Code violation from city, unpermitted garage",,Not Interested,No,,,,,,,,,9/2/2026 09:00,9/2/2026
DEMO-1093,Demo,Seller 1093,(510) 555-0192,,394 Demo Street,Hayward,CA,94544,Cold Call,,,,,,,"Moving to Texas, need quick sale",,New Lead,No,,,,,,,,,9/26/2026 14:00,9/26/2026
DEMO-1094,Demo,Seller 1094,(510) 555-0193,,395 Demo Street,Fremont,CA,94538,Direct Mail,,,,,,,"Wants to sell fast, relocating for work",,Not Interested,No,,,,,,,,,8/2/2026 14:00,8/2/2026
DEMO-1095,Demo,Seller 1095,(650) 555-0194,,396 Demo Street,San Mateo,CA,94403,Organic Website,,,,,,,"Wants to sell fast, relocating for work",,Dead,Yes,8/4/2026,8/5/2026,"$1,135,000",,,Chose to list,,,8/2/2026 12:00,8/2/2026
DEMO-1096,Demo,Seller 1096,(510) 555-0195,,397 Demo Street,Fremont,CA,94538,Direct Mail,,,,,,,"Wants to sell fast, relocating for work",,Dead,Yes,8/19/2026,8/22/2026,"$1,108,000",,,Offer too low,,,8/15/2026 09:00,8/15/2026
DEMO-1097,Demo,Seller 1097,(415) 555-0196,,398 Demo Street,San Francisco,CA,94112,SMS - Level 10,,,,,,,"Needs repairs, older owner downsizing",,Dead,No,,,,,,,,,9/6/2026 19:00,9/6/2026
DEMO-1098,Demo,Seller 1098,(925) 555-0197,,399 Demo Street,Concord,CA,94520,Organic Website,,,,,,,Just curious about an offer,,Not Interested,No,,,,,,,,,7/20/2026 17:00,7/20/2026
DEMO-1099,Demo,Seller 1099,(408) 555-0198,,400 Demo Street,San Jose,CA,95123,Cold Call,,,,,,,"Wants to sell fast, relocating for work",,Dead,Yes,8/15/2026,8/17/2026,"$836,000",,,Family decided to keep it,,,8/11/2026 14:00,8/11/2026
DEMO-1100,Demo,Seller 1100,(408) 555-0199,,401 Demo Street,San Jose,CA,95123,SMS - Level 10,,,,,,,"Vacant house, moved out last year",,Not Interested,No,,,,,,,,,8/24/2026 13:00,8/24/2026
DEMO-1101,Demo,Seller 1101,(408) 555-0100,,402 Demo Street,San Jose,CA,95123,Direct Mail,,,,,,,,,Dead,No,,,,,,,,,9/8/2026 08:00,9/8/2026
DEMO-1102,Demo,Seller 1102,(510) 555-0101,,403 Demo Street,Oakland,CA,94605,Referral,,,,,,,"Moving to Texas, need quick sale",,Dead,No,,,,,,,,,7/4/2026 14:00,7/4/2026
DEMO-1103,Demo,Seller 1103,(510) 555-0102,,404 Demo Street,Richmond,CA,94804,Direct Mail,,,,,,,"Code violation from city, unpermitted garage",,Nurture - 6 months,No,,,,,,,,,9/19/2026 12:00,9/19/2026
DEMO-1104,Demo,Seller 1104,(925) 555-0103,,405 Demo Street,Antioch,CA,94509,Direct Mail,,,,,,,,,Not Interested,No,,,,,,,,,8/12/2026 19:00,8/12/2026
DEMO-1105,Demo,Seller 1105,(510) 555-0104,,406 Demo Street,Oakland,CA,94605,SMS - Level 10,,,,,,,"Moving to Texas, need quick sale",,Qualified,Yes,,,,,,,,,8/26/2026 16:00,8/26/2026
DEMO-1106,Demo,Seller 1106,(415) 555-0105,,407 Demo Street,San Francisco,CA,94112,Direct Mail,,,,,,,"Vacant house, moved out last year",,Qualified,Yes,,,,,,,,,9/20/2026 08:00,9/20/2026
DEMO-1107,Demo,Seller 1107,(707) 555-0106,,408 Demo Street,Vallejo,CA,94591,SMS - Level 10,,,,,,,"Wants to sell fast, relocating for work",,Qualified,Yes,,,,,,,,,8/11/2026 08:00,8/11/2026
DEMO-1108,Demo,Seller 1108,(925) 555-0107,,409 Demo Street,Antioch,CA,94509,Direct Mail,,,,,,,"Moving to Texas, need quick sale",,Dead,Yes,9/25/2026,,,,,Wants retail price,,,9/21/2026 12:00,9/21/2026
DEMO-1109,Demo,Seller 1109,(415) 555-0110,,410 Demo Street,San Francisco,CA,94112,SMS - Level 10,,,,,,,Just curious about an offer,,Unqualified,No,,,,,,,,,7/21/2026 12:00,7/21/2026
DEMO-1110,Demo,Seller 1110,(510) 555-0111,,411 Demo Street,Oakland,CA,94605,SMS - Level 10,,,,,,,Just curious about an offer,,Dead,No,,,,,,,,,7/4/2026 09:00,7/4/2026
DEMO-1111,Demo,Seller 1111,(415) 555-0112,,412 Demo Street,San Francisco,CA,94112,Direct Mail,,,,,,,"Code violation from city, unpermitted garage",,Not Interested,No,,,,,,,,,8/8/2026 15:00,8/8/2026
DEMO-1112,Demo,Seller 1112,(415) 555-0113,,413 Demo Street,San Francisco,CA,94112,Direct Mail,,,,,,,"Code violation from city, unpermitted garage",,Not Interested,No,,,,,,,,,7/7/2026 15:00,7/7/2026
DEMO-1113,Demo,Seller 1113,(925) 555-0115,,414 Demo Street,Antioch,CA,94509,,,,,,,,"Code violation from city, unpermitted garage",,Dead,No,,,,,,,,,9/7/2026 13:00,9/7/2026
DEMO-1114,Demo,Seller 1114,(408) 555-0116,,415 Demo Street,San Jose,CA,95123,Direct Mail,,,,,,,Just curious about an offer,,Nurture - 6 months,No,,,,,,,,,7/19/2026 10:00,7/19/2026
DEMO-1115,Demo,Seller 1115,(510) 555-0117,,416 Demo Street,Fremont,CA,94538,Referral,,,,,,,,,Not Interested,No,,,,,,,,,9/9/2026 11:00,9/9/2026
DEMO-1116,Demo,Seller 1116,(510) 555-0118,,417 Demo Street,Oakland,CA,94605,SMS - Level 10,,,,,,,"Vacant house, moved out last year",,Not Interested,No,,,,,,,,,8/9/2026 15:00,8/9/2026
DEMO-1117,Demo,Seller 1117,(925) 555-0119,,418 Demo Street,Concord,CA,94520,Direct Mail,,,,,,,"Code violation from city, unpermitted garage",,Not Interested,No,,,,,,,,,7/16/2026 15:00,7/16/2026
DEMO-1118,Demo,Seller 1118,(510) 555-0120,,419 Demo Street,Oakland,CA,94605,Referral,,,,,,,Just curious about an offer,,Nurture - 6 months,No,,,,,,,,,7/14/2026 10:00,7/14/2026
DEMO-1119,Demo,Seller 1119,(510) 555-0121,,420 Demo Street,Fremont,CA,94538,Referral,,,,,,,"Wants to sell fast, relocating for work",,Nurture - 6 months,No,,,,,,,,,8/14/2026 16:00,8/14/2026
DEMO-1120,Demo,Seller 1120,(408) 555-0122,,421 Demo Street,San Jose,CA,95123,SMS - Level 10,,,,,,,"Code violation from city, unpermitted garage",,Qualified,Yes,,,,,,,,,8/25/2026 08:00,8/25/2026
DEMO-1121,Demo,Seller 1121,(415) 555-0123,,422 Demo Street,San Francisco,CA,94112,Direct Mail,,,,,,,"Code violation from city, unpermitted garage",,Not Interested,No,,,,,,,,,8/11/2026 08:00,8/11/2026
DEMO-1122,Demo,Seller 1122,(707) 555-0124,,423 Demo Street,Vallejo,CA,94591,Direct Mail,,,,,,,"Wants to sell fast, relocating for work",,Unqualified,No,,,,,,,,,9/9/2026 17:00,9/9/2026
DEMO-1123,Demo,Seller 1123,(650) 555-0125,,424 Demo Street,San Mateo,CA,94403,Direct Mail,,,,,,,,,Closed,Yes,7/22/2026,7/23/2026,"$1,152,000",7/30/2026,8/29/2026,,"$30,000","$19,400",7/20/2026 14:00,7/20/2026
DEMO-1124,Demo,Seller 1124,(510) 555-0126,,425 Demo Street,Hayward,CA,94544,Direct Mail,,,,,,,Just curious about an offer,,Offer Made,Yes,9/18/2026,9/19/2026,"$686,000",,,,,,9/14/2026 11:00,9/14/2026
DEMO-1125,Demo,Seller 1125,(510) 555-0128,,426 Demo Street,Oakland,CA,94605,Direct Mail,,,,,,,"Code violation from city, unpermitted garage",,Unqualified,No,,,,,,,,,8/14/2026 18:00,8/14/2026
DEMO-1126,Demo,Seller 1126,(510) 555-0130,,427 Demo Street,Oakland,CA,94605,Cold Call,,,,,,,"Moving to Texas, need quick sale",,Unqualified,No,,,,,,,,,7/16/2026 16:00,7/16/2026
DEMO-1127,Demo,Seller 1127,(408) 555-0132,,428 Demo Street,San Jose,CA,95123,SMS - Level 10,,,,,,,"Code violation from city, unpermitted garage",,Dead,No,,,,,,,,,7/1/2026 11:00,7/1/2026
DEMO-1128,Demo,Seller 1128,(415) 555-0133,,429 Demo Street,San Francisco,CA,94112,SMS - Level 10,,,,,,,,,Unqualified,No,,,,,,,,,8/9/2026 17:00,8/9/2026
DEMO-1129,Demo,Seller 1129,(415) 555-0134,,430 Demo Street,San Francisco,CA,94112,SMS - Level 10,,,,,,,Just curious about an offer,,Dead,Yes,7/21/2026,7/23/2026,"$977,000",,,Chose to list,,,7/18/2026 17:00,7/18/2026
DEMO-1130,Demo,Seller 1130,(510) 555-0135,,431 Demo Street,Hayward,CA,94544,Direct Mail,,,,,,,"Code violation from city, unpermitted garage",,Offer Made,Yes,8/1/2026,8/3/2026,"$690,000",,,,,,7/30/2026 18:00,7/30/2026
DEMO-1131,Demo,Seller 1131,(408) 555-0136,,432 Demo Street,San Jose,CA,95123,SMS - Level 10,,,,,,,"Vacant house, moved out last year",,Offer Made,Yes,9/11/2026,9/14/2026,"$582,000",,,,,,9/8/2026 09:00,9/8/2026
DEMO-1132,Demo,Seller 1132,(510) 555-0137,,433 Demo Street,Fremont,CA,94538,SMS - Level 10,,,,,,,"Code violation from city, unpermitted garage",,Not Interested,No,,,,,,,,,9/10/2026 13:00,9/10/2026
DEMO-1133,Demo,Seller 1133,(510) 555-0138,,434 Demo Street,Oakland,CA,94605,SMS - Level 10,,,,,,,"Needs repairs, older owner downsizing",,New Lead,No,,,,,,,,,9/27/2026 17:00,9/27/2026
DEMO-1134,Demo,Seller 1134,(510) 555-0141,,435 Demo Street,Oakland,CA,94605,SMS - Level 10,,,,,,,"Wants to sell fast, relocating for work",,New Lead,No,,,,,,,,,9/27/2026 08:00,9/27/2026
DEMO-1135,Demo,Seller 1135,(510) 555-0144,,436 Demo Street,Richmond,CA,94804,Direct Mail,,,,,,,Just curious about an offer,,Qualified,Yes,,,,,,,,,9/12/2026 09:00,9/12/2026
DEMO-1136,Demo,Seller 1136,(707) 555-0145,,437 Demo Street,Vallejo,CA,94591,Direct Mail,,,,,,,"Code violation from city, unpermitted garage",,Not Interested,No,,,,,,,,,7/10/2026 16:00,7/10/2026
DEMO-1137,Demo,Seller 1137,(408) 555-0146,,438 Demo Street,San Jose,CA,95123,Direct Mail,,,,,,,"Wants to sell fast, relocating for work",,Nurture - 6 months,No,,,,,,,,,7/6/2026 13:00,7/6/2026
DEMO-1138,Demo,Seller 1138,(415) 555-0147,,439 Demo Street,San Francisco,CA,94112,SMS - Level 10,,,,,,,"Wants to sell fast, relocating for work",,Dead,Yes,7/16/2026,7/17/2026,"$1,197,000",,,Family decided to keep it,,,7/14/2026 10:00,7/14/2026
DEMO-1139,Demo,Seller 1139,(415) 555-0149,,440 Demo Street,San Francisco,CA,94112,Cold Call,,,,,,,"Needs repairs, older owner downsizing",,Not Interested,No,,,,,,,,,8/5/2026 15:00,8/5/2026
DEMO-1140,Demo,Seller 1140,(925) 555-0150,,441 Demo Street,Concord,CA,94520,SMS - Level 10,,,,,,,,,Unqualified,No,,,,,,,,,8/3/2026 16:00,8/3/2026
DEMO-1141,Demo,Seller 1141,(510) 555-0153,,442 Demo Street,Fremont,CA,94538,Direct Mail,,,,,,,"Code violation from city, unpermitted garage",,Not Interested,No,,,,,,,,,7/20/2026 16:00,7/20/2026
DEMO-1142,Demo,Seller 1142,(650) 555-0154,,443 Demo Street,San Mateo,CA,94403,Referral,,,,,,,,,Dead,Yes,8/26/2026,8/27/2026,"$658,000",,,Offer too low,,,8/25/2026 08:00,8/25/2026
DEMO-1143,Demo,Seller 1143,(925) 555-0155,,444 Demo Street,Antioch,CA,94509,Referral,,,,,,,,,Qualified,Yes,,,,,,,,,9/24/2026 10:00,9/24/2026
DEMO-1144,Demo,Seller 1144,(415) 555-0156,,445 Demo Street,San Francisco,CA,94112,Direct Mail,,,,,,,"Wants to sell fast, relocating for work",,New Lead,No,,,,,,,,,9/26/2026 11:00,9/26/2026
DEMO-1145,Demo,Seller 1145,(707) 555-0157,,446 Demo Street,Vallejo,CA,94591,Organic Website,,,,,,,"Vacant house, moved out last year",,Unqualified,No,,,,,,,,,7/15/2026 08:00,7/15/2026
DEMO-1146,Demo,Seller 1146,(510) 555-0160,,447 Demo Street,Fremont,CA,94538,Direct Mail,,,,,,,"Moving to Texas, need quick sale",,Dead,No,,,,,,,,,9/23/2026 12:00,9/23/2026
DEMO-1147,Demo,Seller 1147,(408) 555-0161,,448 Demo Street,San Jose,CA,95123,Direct Mail,,,,,,,,,Not Interested,No,,,,,,,,,7/19/2026 17:00,7/19/2026
DEMO-1148,Demo,Seller 1148,(415) 555-0162,,449 Demo Street,San Francisco,CA,94112,SMS - Level 10,,,,,,,"Moving to Texas, need quick sale",,Nurture - 6 months,No,,,,,,,,,7/22/2026 14:00,7/22/2026
DEMO-1149,Demo,Seller 1149,(408) 555-0163,,450 Demo Street,San Jose,CA,95123,Direct Mail,,,,,,,"Vacant house, moved out last year",,Dead,No,,,,,,,,,7/13/2026 12:00,7/13/2026
DEMO-1150,Demo,Seller 1150,(650) 555-0164,,451 Demo Street,San Mateo,CA,94403,Direct Mail,,,,,,,"Code violation from city, unpermitted garage",,Dead,Yes,9/23/2026,,,,,Wants retail price,,,9/19/2026 18:00,9/19/2026
DEMO-1151,Demo,Seller 1151,(707) 555-0165,,452 Demo Street,Vallejo,CA,94591,Organic Website,,,,,,,"Moving to Texas, need quick sale",,Nurture - 6 months,No,,,,,,,,,8/24/2026 12:00,8/24/2026
DEMO-1152,Demo,Seller 1152,(408) 555-0166,,453 Demo Street,San Jose,CA,95123,Organic Website,,,,,,,"Wants to sell fast, relocating for work",,Nurture - 6 months,No,,,,,,,,,8/26/2026 18:00,8/26/2026
DEMO-1153,Demo,Seller 1153,(408) 555-0167,,454 Demo Street,San Jose,CA,95123,SMS - Level 10,,,,,,,Just curious about an offer,,Not Interested,No,,,,,,,,,9/15/2026 17:00,9/15/2026
DEMO-1154,Demo,Seller 1154,(415) 555-0168,,455 Demo Street,San Francisco,CA,94112,SMS - Level 10,,,,,,,,,Dead,No,,,,,,,,,9/8/2026 15:00,9/8/2026
DEMO-1155,Demo,Seller 1155,(707) 555-0169,,456 Demo Street,Vallejo,CA,94591,Direct Mail,,,,,,,"Code violation from city, unpermitted garage",,Dead,No,,,,,,,,,8/11/2026 18:00,8/11/2026
DEMO-1156,Demo,Seller 1156,(408) 555-0170,,457 Demo Street,San Jose,CA,95123,,,,,,,,Just curious about an offer,,Dead,No,,,,,,,,,7/19/2026 14:00,7/19/2026
DEMO-1157,Demo,Seller 1157,(510) 555-0171,,458 Demo Street,Fremont,CA,94538,Direct Mail,,,,,,,"Wants to sell fast, relocating for work",,Qualified,Yes,,,,,,,,,7/5/2026 15:00,7/5/2026
DEMO-1158,Demo,Seller 1158,(408) 555-0174,,459 Demo Street,San Jose,CA,95123,Direct Mail,,,,,,,"Code violation from city, unpermitted garage",,Appointment Set,Yes,9/7/2026,,,,,,,,9/3/2026 17:00,9/3/2026
DEMO-1159,Demo,Seller 1159,(408) 555-0175,,460 Demo Street,Sunnyvale,CA,94087,SMS - Level 10,,,,,,,,,Not Interested,No,,,,,,,,,7/16/2026 15:00,7/16/2026
DEMO-1160,Demo,Seller 1160,(510) 555-0176,,461 Demo Street,Oakland,CA,94605,Cold Call,,,,,,,"Wants to sell fast, relocating for work",,New Lead,No,,,,,,,,,9/26/2026 14:00,9/26/2026
DEMO-1161,Demo,Seller 1161,(925) 555-0177,,462 Demo Street,Antioch,CA,94509,Cold Call,,,,,,,Just curious about an offer,,Dead,No,,,,,,,,,7/22/2026 18:00,7/22/2026
DEMO-1162,Demo,Seller 1162,(415) 555-0180,,463 Demo Street,San Francisco,CA,94112,Organic Website,,,,,,,"Wants to sell fast, relocating for work",,Unqualified,No,,,,,,,,,9/5/2026 17:00,9/5/2026
DEMO-1163,Demo,Seller 1163,(408) 555-0181,,464 Demo Street,San Jose,CA,95123,Organic Website,,,,,,,"Needs repairs, older owner downsizing",,Nurture - 6 months,No,,,,,,,,,8/14/2026 10:00,8/14/2026
DEMO-1164,Demo,Seller 1164,(408) 555-0182,,465 Demo Street,San Jose,CA,95123,Organic Website,,,,,,,"Wants to sell fast, relocating for work",,Unqualified,No,,,,,,,,,8/28/2026 13:00,8/28/2026
DEMO-1165,Demo,Seller 1165,(408) 555-0183,,466 Demo Street,San Jose,CA,95123,Cold Call,,,,,,,"Needs repairs, older owner downsizing",,Not Interested,No,,,,,,,,,9/15/2026 09:00,9/15/2026
DEMO-1166,Demo,Seller 1166,(707) 555-0184,,467 Demo Street,Santa Rosa,CA,95407,Direct Mail,,,,,,,Just curious about an offer,,Unqualified,No,,,,,,,,,8/14/2026 12:00,8/14/2026
DEMO-1167,Demo,Seller 1167,(408) 555-0186,,468 Demo Street,San Jose,CA,95123,Referral,,,,,,,"Needs repairs, older owner downsizing",,Qualified,Yes,,,,,,,,,9/9/2026 12:00,9/9/2026
DEMO-1168,Demo,Seller 1168,(510) 555-0188,,469 Demo Street,Hayward,CA,94544,,,,,,,,"Vacant house, moved out last year",,Not Interested,No,,,,,,,,,8/10/2026 13:00,8/10/2026
DEMO-1169,Demo,Seller 1169,(510) 555-0189,,470 Demo Street,Oakland,CA,94605,SMS - Level 10,,,,,,,"Code violation from city, unpermitted garage",,Dead,No,,,,,,,,,8/12/2026 10:00,8/12/2026
DEMO-1170,Demo,Seller 1170,(510) 555-0191,,471 Demo Street,Oakland,CA,94605,Direct Mail,,,,,,,"Wants to sell fast, relocating for work",,Dead,Yes,7/16/2026,7/17/2026,"$1,053,000",,,Family decided to keep it,,,7/12/2026 19:00,7/12/2026
DEMO-1171,Demo,Seller 1171,(510) 555-0194,,472 Demo Street,Hayward,CA,94544,Organic Website,,,,,,,Just curious about an offer,,Unqualified,No,,,,,,,,,7/3/2026 17:00,7/3/2026
DEMO-1172,Demo,Seller 1172,(415) 555-0195,,473 Demo Street,San Francisco,CA,94112,Direct Mail,,,,,,,Just curious about an offer,,Under Contract,Yes,8/27/2026,8/30/2026,"$891,000",9/6/2026,,,,,8/25/2026 13:00,8/25/2026
DEMO-1173,Demo,Seller 1173,(510) 555-0196,,474 Demo Street,Oakland,CA,94605,SMS - Level 10,,,,,,,"Vacant house, moved out last year",,Closed,Yes,8/19/2026,8/21/2026,"$1,129,000",8/25/2026,9/15/2026,,"$39,000","$30,700",8/15/2026 12:00,8/15/2026
DEMO-1174,Demo,Seller 1174,(707) 555-0197,,475 Demo Street,Vallejo,CA,94591,Cold Call,,,,,,,"Wants to sell fast, relocating for work",,Offer Made,Yes,9/15/2026,9/17/2026,"$714,000",,,,,,9/14/2026 19:00,9/14/2026
DEMO-1175,Demo,Seller 1175,(408) 555-0102,,476 Demo Street,San Jose,CA,95123,Direct Mail,,,,,,,"Vacant house, moved out last year",,Not Interested,No,,,,,,,,,8/12/2026 16:00,8/12/2026
DEMO-1176,Demo,Seller 1176,(510) 555-0103,,477 Demo Street,Oakland,CA,94605,Organic Website,,,,,,,"Wants to sell fast, relocating for work",,Not Interested,No,,,,,,,,,8/27/2026 17:00,8/27/2026
DEMO-1177,Demo,Seller 1177,(408) 555-0106,,478 Demo Street,San Jose,CA,95123,Organic Website,,,,,,,"Moving to Texas, need quick sale",,Dead,No,,,,,,,,,9/23/2026 15:00,9/23/2026
DEMO-1178,Demo,Seller 1178,(510) 555-0108,,479 Demo Street,Fremont,CA,94538,Organic Website,,,,,,,"Moving to Texas, need quick sale",,Nurture - 6 months,No,,,,,,,,,8/29/2026 15:00,8/29/2026
DEMO-1179,Demo,Seller 1179,(510) 555-0109,,480 Demo Street,Oakland,CA,94605,Direct Mail,,,,,,,"Wants to sell fast, relocating for work",,Not Interested,No,,,,,,,,,9/23/2026 08:00,9/23/2026
DEMO-1180,Demo,Seller 1180,(408) 555-0110,,481 Demo Street,San Jose,CA,95123,Direct Mail,,,,,,,"Wants to sell fast, relocating for work",,Dead,No,,,,,,,,,7/28/2026 18:00,7/28/2026
DEMO-1181,Demo,Seller 1181,(209) 555-0122,demo.seller1023@example.com,324 Demo Street,Stockton,CA,95206,Direct Mail,,,,,,https://www.twinhomebuyer.com/,,,New Lead,No,,,,,,,,,8/23/2026 10:00,8/23/2026
DEMO-1182,Demo,Seller 1182,(408) 555-0131,demo.seller1032@example.com,333 Demo Street,San Jose,CA,95123,Direct Mail,,,,,,https://www.twinhomebuyer.com/sell-inherited-house,"Executor of estate, siblings want cash",,New Lead,No,,,,,,,,,8/19/2026 10:00,8/19/2026
DEMO-1183,Demo,Seller 1183,(510) 555-0139,demo.seller1040@example.com,341 Demo Street,Oakland,CA,94605,SMS - Level 10,,,,,,https://www.twinhomebuyer.com/sell-house-as-is,"Fire damage in kitchen, needs repairs",,New Lead,No,,,,,,,,,9/5/2026 10:00,9/5/2026
DEMO-1184,Demo,Seller 1184,(415) 555-0117,demo.seller1018@example.com,319 Demo Street,San Francisco,CA,94112,Direct Mail,,,,,,https://www.twinhomebuyer.com/sell-inherited-house,,,New Lead,No,,,,,,,,,8/8/2026 10:00,8/8/2026
DEMO-1185,Demo,Seller 1185,(415) 555-0111,demo.seller1012@example.com,313 Demo Street,San Francisco,CA,94112,Direct Mail,,,,,,https://www.twinhomebuyer.com/,"Executor of estate, siblings want cash",,New Lead,No,,,,,,,,,7/26/2026 10:00,7/26/2026
